-- MySQL dump 10.13  Distrib 5.7.26, for Linux (x86_64)
--
-- Host: localhost    Database: rbac
-- ------------------------------------------------------
-- Server version	5.7.26

/*!40101 SET @OLD_CHARACTER_SET_CLIENT=@@CHARACTER_SET_CLIENT */;
/*!40101 SET @OLD_CHARACTER_SET_RESULTS=@@CHARACTER_SET_RESULTS */;
/*!40101 SET @OLD_COLLATION_CONNECTION=@@COLLATION_CONNECTION */;
/*!40101 SET NAMES utf8 */;
/*!40103 SET @OLD_TIME_ZONE=@@TIME_ZONE */;
/*!40103 SET TIME_ZONE='+00:00' */;
/*!40014 SET @OLD_UNIQUE_CHECKS=@@UNIQUE_CHECKS, UNIQUE_CHECKS=0 */;
/*!40014 SET @OLD_FOREIGN_KEY_CHECKS=@@FOREIGN_KEY_CHECKS, FOREIGN_KEY_CHECKS=0 */;
/*!40101 SET @OLD_SQL_MODE=@@SQL_MODE, SQL_MODE='NO_AUTO_VALUE_ON_ZERO' */;
/*!40111 SET @OLD_SQL_NOTES=@@SQL_NOTES, SQL_NOTES=0 */;

--
-- Table structure for table `menu`
--

DROP TABLE IF EXISTS `menu`;
/*!40101 SET @saved_cs_client     = @@character_set_client */;
/*!40101 SET character_set_client = utf8 */;
CREATE TABLE `menu` (
  `menuId` int(11) NOT NULL AUTO_INCREMENT,
  `menuName` varchar(20) NOT NULL,
  `menuURL` varchar(20) DEFAULT NULL,
  PRIMARY KEY (`menuId`)
) ENGINE=InnoDB AUTO_INCREMENT=6 DEFAULT CHARSET=utf8;
/*!40101 SET character_set_client = @saved_cs_client */;

--
-- Dumping data for table `menu`
--

LOCK TABLES `menu` WRITE;
/*!40000 ALTER TABLE `menu` DISABLE KEYS */;
INSERT INTO `menu` VALUES (1,'个人成绩查询',NULL),(2,'个人信息管理',NULL),(3,'学生信息管理',NULL),(4,'学生成绩管理',NULL),(5,'用户权限管理',NULL);
/*!40000 ALTER TABLE `menu` ENABLE KEYS */;
UNLOCK TABLES;

--
-- Table structure for table `role`
--

DROP TABLE IF EXISTS `role`;
/*!40101 SET @saved_cs_client     = @@character_set_client */;
/*!40101 SET character_set_client = utf8 */;
CREATE TABLE `role` (
  `roleId` int(11) NOT NULL AUTO_INCREMENT,
  `roleName` varchar(20) NOT NULL,
  PRIMARY KEY (`roleId`)
) ENGINE=InnoDB AUTO_INCREMENT=5 DEFAULT CHARSET=utf8;
/*!40101 SET character_set_client = @saved_cs_client */;

--
-- Dumping data for table `role`
--

LOCK TABLES `role` WRITE;
/*!40000 ALTER TABLE `role` DISABLE KEYS */;
INSERT INTO `role` VALUES (1,'普通学生'),(2,'学生干部'),(3,'教师'),(4,'系统管理员');
/*!40000 ALTER TABLE `role` ENABLE KEYS */;
UNLOCK TABLES;

--
-- Table structure for table `role_menu`
--

DROP TABLE IF EXISTS `role_menu`;
/*!40101 SET @saved_cs_client     = @@character_set_client */;
/*!40101 SET character_set_client = utf8 */;
CREATE TABLE `role_menu` (
  `id` int(11) NOT NULL AUTO_INCREMENT,
  `roleId` int(11) NOT NULL,
  `menuId` int(11) NOT NULL,
  PRIMARY KEY (`id`),
  KEY `FK_Reference_3` (`roleId`),
  KEY `FK_Reference_4` (`menuId`),
  CONSTRAINT `FK_Reference_3` FOREIGN KEY (`roleId`) REFERENCES `role` (`roleId`),
  CONSTRAINT `FK_Reference_4` FOREIGN KEY (`menuId`) REFERENCES `menu` (`menuId`)
) ENGINE=InnoDB AUTO_INCREMENT=9 DEFAULT CHARSET=utf8;
/*!40101 SET character_set_client = @saved_cs_client */;

--
-- Dumping data for table `role_menu`
--

LOCK TABLES `role_menu` WRITE;
/*!40000 ALTER TABLE `role_menu` DISABLE KEYS */;
INSERT INTO `role_menu` VALUES (1,1,1),(2,1,2),(3,2,1),(4,2,2),(5,2,3),(6,3,3),(7,3,4),(8,4,5);
/*!40000 ALTER TABLE `role_menu` ENABLE KEYS */;
UNLOCK TABLES;

--
-- Table structure for table `user`
--

DROP TABLE IF EXISTS `user`;
/*!40101 SET @saved_cs_client     = @@character_set_client */;
/*!40101 SET character_set_client = utf8 */;
CREATE TABLE `user` (
  `userId` int(11) NOT NULL AUTO_INCREMENT,
  `account` varchar(20) NOT NULL,
  `password` varchar(20) NOT NULL,
  `nickname` varchar(20) NOT NULL,
  PRIMARY KEY (`userId`)
) ENGINE=InnoDB AUTO_INCREMENT=6 DEFAULT CHARSET=utf8;
/*!40101 SET character_set_client = @saved_cs_client */;

--
-- Dumping data for table `user`
--

LOCK TABLES `user` WRITE;
/*!40000 ALTER TABLE `user` DISABLE KEYS */;
INSERT INTO `user` VALUES (1,'student01','123456','学生1'),(2,'student02','123456','学生2'),(3,'teacher01','123456','教师1'),(4,'teacher02','123456','教师2'),(5,'admin','123456','管理员');
/*!40000 ALTER TABLE `user` ENABLE KEYS */;
UNLOCK TABLES;

--
-- Table structure for table `user_role`
--

DROP TABLE IF EXISTS `user_role`;
/*!40101 SET @saved_cs_client     = @@character_set_client */;
/*!40101 SET character_set_client = utf8 */;
CREATE TABLE `user_role` (
  `id` int(11) NOT NULL AUTO_INCREMENT,
  `userId` int(11) NOT NULL,
  `roleId` int(11) NOT NULL,
  PRIMARY KEY (`id`),
  KEY `FK_Reference_1` (`roleId`),
  KEY `FK_Reference_2` (`userId`),
  CONSTRAINT `FK_Reference_1` FOREIGN KEY (`roleId`) REFERENCES `role` (`roleId`),
  CONSTRAINT `FK_Reference_2` FOREIGN KEY (`userId`) REFERENCES `user` (`userId`)
) ENGINE=InnoDB AUTO_INCREMENT=6 DEFAULT CHARSET=utf8;
/*!40101 SET character_set_client = @saved_cs_client */;

--
-- Dumping data for table `user_role`
--

LOCK TABLES `user_role` WRITE;
/*!40000 ALTER TABLE `user_role` DISABLE KEYS */;
INSERT INTO `user_role` VALUES (1,1,1),(2,2,2),(3,3,3),(4,4,3),(5,5,4);
/*!40000 ALTER TABLE `user_role` ENABLE KEYS */;
UNLOCK TABLES;
/*!40103 SET TIME_ZONE=@OLD_TIME_ZONE */;

/*!40101 SET SQL_MODE=@OLD_SQL_MODE */;
/*!40014 SET FOREIGN_KEY_CHECKS=@OLD_FOREIGN_KEY_CHECKS */;
/*!40014 SET UNIQUE_CHECKS=@OLD_UNIQUE_CHECKS */;
/*!40101 SET CHARACTER_SET_CLIENT=@OLD_CHARACTER_SET_CLIENT */;
/*!40101 SET CHARACTER_SET_RESULTS=@OLD_CHARACTER_SET_RESULTS */;
/*!40101 SET COLLATION_CONNECTION=@OLD_COLLATION_CONNECTION */;
/*!40111 SET SQL_NOTES=@OLD_SQL_NOTES */;

-- Dump completed on 2019-06-30  0:21:09
